id,retention
7001,0.567232530596131
1319,0.17765495459928937
8901,0.44832214765100664
9175,0.3407816818002369
350,0.8403474141334386
5494,0.36119226213975525
9376,0.7738649822345045
6883,0.4055665219107777
1514,0.33738649822345046
4196,0.3425977102250296
6760,0.9168969601263324
8608,0.09996052112120016
2403,0.6919068298460324
507,0.7686142913541255
9868,0.6415712593762337
6863,0.5723647848401106
316,0.2232925384919068
8312,0.4125148045795499
9518,0.6088827477299644
8210,0.6094354520331622
5603,0.5777733912356889
9139,0.40446111330438206
8867,0.7049348598499802
1470,0.46786419265692847
8702,0.36233714962495067
2674,0.3300829056454796
5564,0.8432688511646269
1428,0.9187524674299249
5572,0.5875246742992498
6304,0.341255428345835
197,0.7220292143703119
5833,0.31985787603632054
4320,0.6608764311093565
326,0.8961310698776155
8774,0.41030398736675877
4093,0.2836952230556652
876,0.9123174101855507
7114,0.6032767469403869
399,0.8170153967627319
7496,0.6532175286221871
9789,0.7293328069482826
2011,0.8628898539281484
2588,0.8623766285037504
528,0.9775365179628898
9453,0.4327674694038689
8115,0.45866561389656535
2498,0.5626924595341491
3297,0.7073825503355704
8370,0.8206869324911172
2453,0.5044216344255823
7597,0.7639557836557441
8264,0.8071851559415713
5393,0.48436636399526256
365,0.38527437820765886
4315,0.5324516383734701
5225,0.900236873272799
711,0.8509672325305961
2110,0.10288195815238847
1868,0.21310698776154757
2397,0.8606395578365574
2490,0.9452822739834188
9837,0.01685748124753257
8701,0.9820765890248717
1071,0.8787603632056848
7919,0.5487958941966048
4293,0.7924200552704304
6523,0.8308330043426766
6213,0.7698381365969207
2298,0.057876036320568494
1813,0.8261744966442952
9501,0.45550730359257796
2701,0.5418081326490327
3705,0.8614291354125543
7817,0.9210817212791157
10077,0.7818397157520726
9370,0.8792735886300829
2069,0.5735886300829056
6730,0.7378997236478483
2442,0.8073430714567705
7059,0.720726411369917
2257,0.46877220686932486
6482,0.23667587840505327
1112,0.9707856296881168
8983,0.18934070272404263
9429,0.02759573628108962
7628,0.6326885116462692
4833,0.046190288195815235
7877,0.954480852743782
8338,0.024476904855902093
9929,0.5243189893407028
2034,0.4050532964863798
1086,0.1989735491512041
7873,0.4051717331227793
752,0.18424792735886303
449,0.15696802210817212
7105,0.24488748519542045
5128,0.13162258191867351
6141,0.02483221476510067
916,0.3012633241215949
4122,0.40919857876036314
7095,0.24058428740623766
5708,0.5254638768258981
9987,0.7243584682195026
8765,0.7691669956573233
3090,0.22834583497828662
6521,0.425740228977497
8382,0.9553099091985787
9411,0.9926174496644296
5765,0.6746150809317014
6444,0.6661271219897354
8639,0.39293328069482825
2162,0.4046190288195815
3382,0.5293722858270824
6799,0.7125937623371497
6203,0.6329648637978681
9504,0.057204895380971184
7890,0.16403474141334384
2949,0.9324121594946703
3758,0.6009474930911961
2699,0.5651401500197394
9072,0.8755230951440978
2615,0.12329253849190683
1647,0.8898539281484406
2934,0.5288985392814843
9599,0.3677062771417292
409,0.5268456375838926
9756,0.6816818002368732
4919,0.8404658507698382
2598,0.11480457954994078
7755,0.44338728780102643
7663,0.44097907619423604
5590,0.9476904855902092
3251,0.8696012633241216
4169,0.8799842084484799
8332,0.19518357678641926
2694,0.551480457954994
3572,0.30596131069877613
8635,0.41271219897354916
3016,0.7723253059613107
482,0.08740623766285038
348,0.7504540071061981
4709,0.6917883932096327
3177,0.20746150809317015
877,0.2817607579944729
6173,0.9519147256217924
2645,0.5035530990919858
2527,0.6148440584287407
9240,0.588985392814844
1199,0.9284247927358864
6371,0.5086063955783655
5124,0.2868535333596526
6499,0.3272009474930912
4477,0.15953414923016185
1386,0.8426766679826292
8070,0.589735491512041
7437,0.8902881958152388
6684,0.5039873667587841
2009,0.39068298460323725
4255,0.5178444532175286
4484,0.939242005527043
4231,0.7380576391630478
6496,0.30754046585076983
9884,0.8341097512830634
8809,0.34330833004342676
6486,0.15230951440979074
6988,0.9734307145677061
6916,0.2465455981050138
4284,0.6198578760363206
5671,0.6628503750493486
4893,0.11780497433872877
7263,0.06439005132254244
9207,0.027714172917489142
8064,0.7209632846427161
10126,0.8852743782076589
4771,0.7793525463876826
4343,0.8684563758389261
5573,0.45570469798657715
8693,0.33655744176865376
6710,0.5725227003553099
8823,0.40998815633636
9701,0.5485984998026056
4335,0.9216739044611133
948,0.29028819581523885
5141,0.435254638768259
2027,0.42080536912751676
7734,0.7458744571654164
9471,0.36154757204895377
2565,0.1726016581129096
4311,0.6995262534544019
3716,0.7756415317804974
4773,0.8517568101065929
4867,0.14603237268061586
8505,0.3478878799842084
8642,0.5664034741413344
5023,0.4371891038294512
2630,0.9582313462297671
3537,0.5174496644295301
3306,0.07433872878010264
4117,0.6496644295302013
5736,0.7263718910382945
3175,0.6833399131464666
1143,0.05902092380576391
5254,0.35645479668377417
9851,0.28795894196604815
4045,0.5347808922226609
4174,0.7627714172917488
3105,0.6592183181997631
3877,0.8624555862613502
8046,0.9621002763521516
1522,0.6999605211212001
4936,0.28156336360047374
2239,0.9829451243584681
1011,0.6951440979076193
7055,0.16423213580734308
407,0.07291748914330833
2512,0.22218712988551123
3337,0.39526253454401894
9425,0.629727595736281
9371,0.493999210422424
1261,0.9966442953020134
4271,0.9448480063166205
3613,0.7496644295302013
8278,0.6496644295302013
7795,0.9136991709435451
898,0.2009474930911962
6298,0.738255033557047
8468,0.48914330833004344
8396,0.1427161468614291
2582,0.41555467824713777
8488,0.6677852348993287
2518,0.5396367943150415
82,0.8583497828661666
4053,0.26723253059613106
2214,0.35606000789577574
2716,0.01748914330833004
8155,0.1298460323726806
2952,0.2143703118831425
8262,0.5317015396762731
7813,0.9065929727595736
2291,0.057007500986971965
7481,0.4767074615080931
3649,0.017489143308330044
6139,0.25842874062376625
2502,0.7557046979865771
1788,0.8178839320963285
5015,0.7786024476904856
8593,0.17832609553888668
5099,0.8805763916304776
8316,0.1910777733912357
3130,0.9005921831819976
5784,0.5354520331622582
7009,0.2995657323332017
5624,0.1789182787208843
6622,0.6204500592183182
10045,0.6336754836162652
1918,0.18634030793525463
484,0.2539676273193841
3139,0.12388472167390446
7426,0.6360836952230555
1253,0.4407816818002368
4788,0.4566916699565732
336,0.5908014212396367
3111,0.8018555073035925
7584,0.18515594157125936
1500,0.5350177654954599
856,0.8371496249506514
5106,0.9105803395183576
7385,0.717015396762732
1440,0.529490722463482
7744,0.2891038294512436
9967,0.4132649032767469
5883,0.9564153178049744
8347,0.6650611922621397
3588,0.9464271614686142
7431,0.00911962100276352
4532,0.3960521121200158
6537,0.5963284642716147
8438,0.13924200552704302
3694,0.8908803789972364
4745,0.7663639952625345
7675,0.2746940386893012
1973,0.9386498223450453
2666,0.08503750493485984
7622,0.09431504145282274
4084,0.6652191077773391
9977,0.5875246742992499
358,0.8613106987761547
10093,0.9375444137386498
7015,0.018870904066324516
1958,0.3823134622976707
6671,0.3793920252664824
2870,0.4552704303197789
4425,0.8436636399526254
6300,0.9752072641136992
8861,0.22131859455191472
1636,0.4337149624950651
6322,0.7158310303987366
5811,0.8193051717331228
5876,0.2834188709040663
733,0.78997236478484
9302,0.3588630082905645
2506,0.46336360047374653
3160,0.4538097118041847
8024,0.6790367153572838
3116,0.26525858665613894
4403,0.7144492696407421
8188,0.27970785629688116
4055,0.9368732727990525
4538,0.5464666403474141
5820,0.7736281089617054
2091,0.849230161863403
7872,0.9761152783260956
6449,0.34472956968022106
6822,0.49798657718120803
661,0.0074220292143703116
2783,0.8921831819976311
9099,0.8388077378602448
7534,0.9003553099091985
3818,0.1574812475325701
4433,0.8796288985392815
666,0.2550730359257797
4337,0.03604421634425582
7904,0.17173312277931307
2581,0.7363600473746544
1101,0.3224634820371101
4292,0.04429530201342282
4439,0.8366363995262535
5897,0.935767864192657
3783,0.6491512041058034
1010,0.38709040663245164
7715,0.6798657718120805
4054,0.9913541255428344
4197,0.34567706277141724
8473,0.2890248716936439
9078,0.1410975128306356
9952,0.8380971180418476
4499,0.9585866561389657
6373,0.8551914725621792
6509,0.45487564153178045
1870,0.43707066719305165
3539,0.5878405053296486
2302,0.3314251875246743
3763,0.06944334780892222
9229,0.4900118436636399
4443,0.21831819976312672
9695,0.9821160679036715
9297,0.6454007106198184
4842,0.549506514015002
247,0.43999210422424
2452,0.6099091985787604
5430,0.49170943545203316
1526,0.6958152388472167
9800,0.06940386893012238
6891,0.05061192262139755
8761,0.9592972759573627
6152,0.43888669561784444
6526,0.5822739834188709
7513,0.6405842874062376
4202,0.031385708645874456
7217,0.13316225819186736
1865,0.36206079747335174
9776,0.5655744176865376
9547,0.5287801026450849
9951,0.0825503355704698
2473,0.8051717331227793
1237,0.19013028030003945
2193,0.43272799052506905
257,0.43868930122384525
1837,0.24891433083300435
4901,0.9581918673509672
3682,0.27899723647848396
5503,0.21369917094354518
4147,0.19530201342281878
9893,0.3339518357678642
8566,0.10706671930517173
1765,0.4838926174496644
5398,0.5474141334386103
4448,0.691512041058034
7512,0.6449664429530201
7478,0.4472956968022108
8643,0.10848795894196603
1975,0.5581129095933675
6941,0.9744176865377023
8755,0.14611133043821553
706,0.47102250296091586
3800,0.6087248322147651
1561,0.620726411369917
1887,0.6339123568890643
3510,0.6246348203711014
5207,0.38835373075404656
5077,0.5768653770232924
9290,0.9597710225029608
2231,0.03584682195025661
4252,0.3237268061587051
7495,0.10090801421239637
7180,0.8160284247927359
3327,0.11306750888274772
6036,0.5350572443742598
1869,0.8123174101855506
2839,0.5024871693643901
6816,0.25775759968416895
8571,0.22558231346229765
3860,0.11946308724832214
4407,0.6834583497828661
1138,0.20315831030398734
4831,0.29143308330043427
1090,0.20931701539676273
3559,0.023529411764705882
10083,0.6846427161468615
8948,0.3526253454401895
539,0.6231741018555074
944,0.14749309119621
5831,0.5380971180418476
4296,0.9235294117647058
5103,0.14007106198183972
4497,0.30544808527437817
766,0.12060797473351756
5529,0.9526253454401894
9601,0.768258981444927
3391,0.7395183576786418
7408,0.012988551125148044
8274,0.4614686142913541
7450,0.7242005527043032
8160,0.8394788787998421
4712,0.8148045795499408
5731,0.30667193051717334
8295,0.237741808132649
2109,0.58499802605606
4177,0.013817607579944727
2854,0.0973943939992104
3768,0.3669561784445321
173,0.5641136991709435
5952,0.1630477694433478
1706,0.38049743387287793
3770,0.07647058823529411
6159,0.9967232530596131
5286,0.5385708645874457
5803,0.36379786814054477
7231,0.16818002368732726
3525,0.4604421634425582
7168,0.9711804184761152
9244,0.8741413343861033
5138,0.9440189498618239
7736,0.3629293328069483
6911,0.9707856296881168
2824,0.8094354520331621
14,0.2817607579944729
6765,0.5909198578760363
9380,0.7412554283458349
7951,0.2575602052901697
5888,0.5459534149230162
5190,0.5610738255033556
4001,0.7285432293722858
9525,0.01918673509672325
4560,0.5108566916699565
565,0.5431898934070272
204,0.9644295302013421
838,0.4953414923016186
5133,0.9306356099486774
873,0.7515988945913936
4540,0.02668772206869325
7921,0.03596525858665614
6423,0.9495065140150019
5616,0.6308724832214765
1218,0.1918673509672325
2224,0.44990130280300034
2185,0.6568890643505725
9102,0.6842084484800632
9731,0.8460718515594157
7733,0.7300829056454796
5583,0.6915120410580339
3043,0.5562968811685748
7680,0.36024476904855895
1679,0.7615475720489537
7068,0.12108172127911568
8671,0.47769443347808915
8407,0.538255033557047
2372,0.41140939597315435
5484,0.03035925779707856
1798,0.031938412949072244
6518,0.8962889853928149
3842,0.30378997236478483
1163,0.4920647453612318
4329,0.22352941176470587
5068,0.7666008685353336
9892,0.3731938412949072
2501,0.896723253059613
8214,0.32435846821950254
793,0.3415317804974338
4756,0.028661666008685353
9337,0.37050927753651797
9934,0.363758389261745
4208,0.8462692459534149
630,0.4649427556257402
583,0.6811290959336754
7983,0.2530990919857876
6356,0.4574417686537702
8865,0.6304382155546783
6342,0.7392025266482432
10053,0.8396762731938412
6055,0.8670746150809316
6807,0.4288590604026845
5091,0.28598499802605604
6869,0.08073430714567706
6785,0.24153178049743387
4643,0.5302013422818792
1005,0.943979470983024
5220,0.5495459928938018
8638,0.9065929727595735
10004,0.5503355704697986
4400,0.7131464666403474
3286,0.22818791946308725
2601,0.009751283063560994
6180,0.44090011843663646
1572,0.6493485984998025
8428,0.8082116067903672
6460,0.7819186735096724
3183,0.32076589024871693
5650,0.9484405842874062
3000,0.013896565337544412
4321,0.17852348993288591
9372,0.3100671140939597
6230,0.21105408606395576
5387,0.16581129095933675
6626,0.9769443347808922
9472,0.2222660876431109
2164,0.8803789972364785
2223,0.7136596920647453
7100,0.105250690880379
6425,0.6318594551914725
2160,0.3467824713778128
504,0.21168574812475324
4334,0.5883932096328464
8973,0.32510856691669954
3039,0.4935254638768259
9617,0.9817212791156731
5058,0.9466245558626135
6308,0.64247927358863
5366,0.7860244769048559
9047,0.008014212396367942
5170,0.6592972759573628
1774,0.3921437031188314
362,0.788472167390446
8443,0.0014212396367943151
3535,0.1365179628898539
6741,0.3097907619423608
8812,0.2960521121200158
9089,0.332254243979471
4041,0.7829451243584682
867,0.46885116462692455
6960,0.29088037899723646
6448,0.9163837347019345
1552,0.12893801816028425
4188,0.003355704697986577
4924,0.8231346229767074
8625,0.44449269640742206
6420,0.3157125937623371
9467,0.5125937623371497
8854,0.931977891827872
7304,0.7074220292143703
476,0.2859455191472562
6899,0.3147256217923411
2767,0.8392420055270431
9708,0.34342676667982625
5881,0.010461902881958151
2046,0.25842874062376625
7572,0.5289380181602843
2260,0.24338728780102645
8808,0.4306750888274773
8452,0.20426371891038292
6017,0.9814054480852743
4727,0.3696012633241216
6650,0.583497828661666
3627,0.4545598105013817
3656,0.5603632056849586
5329,0.8346624555862613
2416,0.7107382550335569
8653,0.05388866956178444
9391,0.9638373470193445
639,0.5487169364390051
7678,0.5164232135807343
1189,0.1994472956968022
4740,0.43924200552704296
2370,0.23170153967627322
7531,0.07836557441768653
2802,0.8786814054480853
2850,0.3663639952625345
5551,0.6140939597315436
6708,0.7271219897354915
9412,0.7426766679826292
5266,0.29395973154362415
6154,0.3267272009474931
33,0.6096723253059613
201,0.5388077378602447
6261,0.28207658902487165
2662,0.5738649822345046
8034,0.21460718515594157
2368,0.19976312672720092
6815,0.8720884326885117
7014,0.7148835373075404
8665,0.3288985392814844
154,0.716739044611133
2378,0.3281484405842874
9104,0.5666798262929333
5556,0.20943545203316227
9983,0.5240821160679037
7297,0.5421239636794315
9899,0.1697986577181208
9272,0.33667587840505325
5563,0.7374654559810501
1089,0.27315436241610735
8845,0.19723647848401105
6126,0.0030003947887879984
6339,0.41433083300434265
6992,0.9758784050532964
210,0.7165811290959336
6812,0.5561784445321752
7023,0.8113699170943545
3598,0.6493091196210028
2406,0.6992104224240031
1432,0.17718120805369125
3999,0.048164232135807346
7901,0.8931306750888274
6795,0.4331622581918674
2171,0.18278720884326882
685,0.18468219502566127
5243,0.09518357678641926
636,0.6948677457560204
5505,0.7698381365969207
4775,0.5560205290169759
4145,0.8345834978286616
1525,0.29388077378602445
2463,0.20651401500197392
803,0.9086063955783655
3036,0.35148045795499405
3786,0.8172917489143308
4488,0.648203711014607
2469,0.11097512830635609
4845,0.625227003553099
6368,0.6153178049743386
6464,0.4001973943939992
3432,0.4776154757204895
4243,0.6846821950256612
8573,0.6840505329648637
7582,0.9810106592972758
9114,0.15377023292538491
8013,0.8919857876036321
2323,0.14121594946703514
7844,0.6605211212001578
2566,0.5640742202921437
5935,0.7483616265298065
6271,0.9583497828661666
1080,0.17469403868930122
9378,0.023213580734307144
4008,0.1544018949861824
7084,0.9215159889459139
4610,0.7874062376628502
5554,0.23975523095144097
1318,0.5025661271219897
7148,0.8906040268456376
5287,0.4320173707066719
9527,0.05045400710619818
2599,0.7851559415712593
4550,0.49688116857481246
8864,0.8860639557836556
6333,0.651243584682195
1434,0.3388472167390446
4850,0.8849585471772601
1245,0.463482037110146
386,0.9658507698381364
8866,0.2752862218712988
6963,0.3966442953020134
1267,0.5129095933675484
8926,0.8664824318989341
2720,0.4326490327674694
8655,0.2070667193051717
6662,0.4886695617844453
2605,0.9546387682589814
10029,0.4359257797078563
2846,0.49624950651401495
7629,0.710738255033557
2005,0.6971575207264114
6236,0.7229372285827083
6411,0.25783655744176864
3143,0.24780892222660875
8773,0.45752072641136987
3231,0.5726806158705092
7087,0.7879589419660481
5596,0.1811290959336755
1190,0.6530596131069877
7548,0.7951046190288195
801,0.6523095144097907
9914,0.07544413738649822
7292,0.4499407816818002
7320,0.11654165021713382
1006,0.9350967232530596
4289,0.39684168969601263
8862,0.5755625740228978
6555,0.6762731938412949
2032,0.7647848401105408
4088,0.7535333596525858
2986,0.47639163047769445
1457,0.04733517568101066
7232,0.29151204105803397
2586,0.7571654165021713
1540,0.41914725621792337
7947,0.9441373864982234
7036,0.8104619028819582
9332,0.3352941176470588
1814,0.7434267666798262
5008,0.01326490327674694
9117,0.6905250690880379
4286,0.1434267666798263
4674,0.049822345045400715
2897,0.6273588630082905
279,0.3122779313067509
6734,0.8975523095144098
1847,0.036439005132254246
1606,0.31705487564153173
6651,0.615238847216739
4885,0.3703118831425187
5376,0.35562574022897747
4935,0.6221871298855112
6135,0.6784050532964864
3020,0.03604421634425582
6897,0.21981839715752072
5667,0.8706277141729175
9615,0.9657718120805368
9950,0.2586656138965653
9948,0.41219897354915114
7340,0.8069088037899723
7689,0.6512041058033952
595,0.8926569285432293
6100,0.011646269245953415
5000,0.9380181602842479
186,0.5598105013817607
6836,0.6739044611133044
5477,0.7342676667982629
9185,0.9409395973154362
8929,0.7016975917883932
6321,0.9645874457165416
1034,0.22893801816028425
894,0.8068693249111725
2120,0.272996446900908
5007,0.4717726016581129
9752,0.06423213580734308
6399,0.049388077378602444
4376,0.5555073035925779
8213,0.2208448480063166
4948,0.5665613896565338
4508,0.48081326490327675
9751,0.7458744571654164
1773,0.07923410975128306
160,0.46450848795894195
697,0.9292143703118831
5719,0.04315041452822739
9040,0.33458349782866165
4190,0.8622976707461507
4620,0.33166206079747335
6352,0.815752072641137
8637,0.17425977102250295
8110,0.8030793525463877
9044,0.36545598105013816
9831,0.521002763521516
2823,0.5013028030003948
3610,0.15475720489538097
2222,0.7918673509672325
1864,0.22096328464271614
5510,0.028898539281484406
8317,0.75495459928938
7480,0.3862218712988551
1015,0.8043821555467825
3343,0.2318989340702724
8063,0.049743387287801026
3814,0.4470193446506119
5816,0.6030793525463877
6196,0.9158310303987367
252,0.6171733122779313
2723,0.47651006711409394
2094,0.39210422424003155
1965,0.09364390051322544
5285,0.37852348993288587
8307,0.8076194236083694
6340,0.8696802210817213
7963,0.321989735491512
5700,0.7664824318989341
5799,0.3682195025661271
7684,0.3475325700750099
2107,0.3096328464271615
8326,0.9375838926174496
609,0.8297670746150809
1716,0.8753651796288984
5592,0.9161073825503355
5239,0.43083300434267663
5576,0.6699565732333201
3316,0.5366758784050534
180,0.6748519542045006
6009,0.8874062376628503
3365,0.7753651796288985
2558,0.8069482826687722
5746,0.3833793920252665
3832,0.14694038689301223
9567,0.05538886695617844
5737,0.6184761152783261
5955,0.42530596131069875
111,0.8708645874457165
95,0.14145282273983417
277,0.27015396762731936
4574,0.7146071851559415
1769,0.21966048164232133
7829,0.9578365574417687
3338,0.16344255823134624
4436,0.27820765890248716
228,0.5148045795499407
1358,0.8217133833399131
7227,0.5741413343861034
7671,0.4024476904855902
6069,0.7050927753651797
9228,0.106750888274773
7999,0.7039478878799842
678,0.29846032372680614
3856,0.8932096328464271
7931,0.49313067508882746
4660,0.8602842479273588
8258,0.01381760757994473
1210,0.19324911172522696
8840,0.27058823529411763
473,0.10422424003158309
3420,0.05025661271219897
9957,0.8456375838926173
2369,0.15578365574417685
8038,0.8388077378602448
3978,0.9615475720489537
3272,0.09557836557441768
5687,0.543229372285827
1311,0.09490722463482036
3816,0.6451243584682195
2816,0.41267272009474926
3299,0.29932885906040263
3608,0.8503355704697986
7246,0.0848006316620608
2503,0.21705487564153175
352,0.09648637978681404
9366,0.47335175681010655
1983,0.9193446506119226
9083,0.7036320568495854
9007,0.7788787998420845
9653,0.11598894591393605
2399,0.9261350177654953
2401,0.4383339913146467
2143,0.5692854322937229
489,0.7657718120805368
4689,0.3129095933675483
2882,0.04161073825503356
3709,0.23580734307145676
7672,0.4583103039873667
9908,0.22901697591788392
1542,0.6583892617449665
344,0.8948282668772207
9255,0.10359257797078562
2038,0.09249901302803
8722,0.16786419265692853
2842,0.02202921437031188
3833,0.23805763916304776
9641,0.38243189893407026
9135,0.4254243979470983
6562,0.9322937228582708
9443,0.96746940386893
2216,0.31401500197394394
4278,0.059534149230161856
9545,0.19028819581523884
5858,0.6247927358863008
8383,0.2559020923805764
3167,0.7702724042637188
500,0.6747729964469009
2562,0.0276746940386893
6195,0.778997236478484
7451,0.7925779707856296
9112,0.4963284642716147
8095,0.3313462297670746
9924,0.5416107382550335
633,0.40382945124358466
1827,0.591472562179234
8582,0.5286616660086854
3464,0.3848006316620608
2776,0.45467824713778127
1366,0.7968022108172128
7477,0.7643505724437426
2072,0.39151204105803394
2456,0.5316620607974734
1707,0.783971575207264
7247,0.8512435846821951
8125,0.3895380971180418
5078,0.4434267666798263
9672,0.0436241610738255
2514,0.03920252664824319
9889,0.6113304382155547
5418,0.09644690090801422
1329,0.4085669166995657
545,0.37212791156731145
9846,0.5660481642321358
1052,0.982273983418871
6125,0.5270430319778918
2711,0.5644295302013422
8986,0.6491512041058034
357,0.7796683774180813
5219,0.5681405448085275
5065,0.46182392420055274
4405,0.5367153572838531
4474,0.9318989340702724
5182,0.5205684958547176
5545,0.4532175286221871
7839,0.4473351756810106
2775,0.1012238452427951
7743,0.382234504540071
79,0.7128701144887485
3977,0.15396762731938413
2137,0.9444532175286222
3754,0.18795894196604815
8942,0.37193051717331227
4523,0.13683379392025263
4962,0.08914330833004341
466,0.17315436241610738
8253,0.3149230161863403
3633,0.030240821160679034
8885,0.04547966837741808
467,0.9946308724832215
9233,0.2701934465061192
797,0.28523489932885904
1478,0.9067903671535729
8153,0.7125542834583498
6789,0.622739834188709
7674,0.045124358468219494
1198,0.4322147651006711
5485,0.17520726411369913
4300,0.6130675088827477
5147,0.08073430714567706
8028,0.424240031583103
8484,0.3005132254243979
2650,0.919265692854323
9216,0.09088037899723649
1527,0.22238452427951044
6218,0.9011054086063954
9338,0.6338728780102645
6245,0.7796683774180814
4489,0.9319778918278719
5373,0.19151204105803396
3621,0.7758784050532965
1424,0.6036715357283853
3280,0.6998420844848006
2467,0.28701144887485197
9573,0.4829056454796684
5547,0.9647848401105408
1982,0.6073035925779708
229,0.24970390840900117
7062,0.9115673114883536
671,0.6776944334780892
4677,0.044532175286221866
6143,0.27990525069088035
3735,0.22996446900908013
1904,0.6228582708251086
3470,0.6043821555467825
2546,0.5634425582313461
6181,0.7707856296881168
7910,0.2796683774180813
4302,0.2994078168180024
7376,0.49739439399921037
5679,0.7351756810106592
1043,0.6113304382155547
3245,0.986498223450454
3252,0.5082510856691669
2929,0.41563363600473746
5891,0.6418476115278325
9612,0.3442953020134228
5621,0.9483221476510066
5187,0.5996052112120015
5123,0.9572838531385708
5978,0.7711804184761152
8033,0.7809317015396762
2188,0.42649032767469397
2916,0.5442953020134228
1602,0.8699170943545202
5111,0.12171338333991312
6438,0.6308330043426766
42,0.9249506514015001
7449,0.9100671140939597
8950,0.35250690880378993
5277,0.8928938018160284
8602,0.9219107777339124
35,0.5415712593762336
5974,0.25503355704697983
6597,0.006158705092775366
3976,0.17801026450848795
5905,0.05388866956178444
3015,0.6880773786024477
5397,0.6335570469798657
1517,0.21369917094354518
2764,0.4043031977891828
9585,0.8643900513225424
2909,0.7433872878010264
1221,0.670509277536518
530,0.5697986577181208
5116,0.3842084484800632
4774,0.40303987366758776
7318,0.6833793920252664
6462,0.1825503355704698
6380,0.7117252270035531
6332,0.7438215554678246
7110,0.9555467824713777
9600,0.1610738255033557
7986,0.5790761942360837
3972,0.10623766285037506
6107,0.9686142913541255
2142,0.8708251085669168
1159,0.21215949467035136
5454,0.8592972759573627
1243,0.9002763521515988
8677,0.4797078562968811
2113,0.8979865771812079
6284,0.2529016975917884
5221,0.3159494670351362
5296,0.8060797473351757
3695,0.06818002368732728
8394,0.7468614291354125
7558,0.18689301223845242
9853,0.17500986971969995
3817,0.2592972759573628
9955,0.6807343071456771
2592,0.2884721673904461
6922,0.18144492696407422
5709,0.5635215159889458
8741,0.06873272799052507
5474,0.7301618634030793
4633,0.10777733912356889
4487,0.14425582313462296
1481,0.45827082510856687
4340,0.05400710619818397
8756,0.5019739439399921
4764,0.8935254638768259
3467,0.7082905645479668
6737,0.27153572838531387
9888,0.7827872088432688
1062,0.16052112120015793
4351,0.503987366758784
6680,0.16442953020134227
9844,0.4323332017370707
3328,0.08637978681405448
1496,0.14595341492301617
9555,0.5359652585866561
8171,0.6742992499013027
371,0.878010264508488
1669,0.5012633241215949
1506,0.32045005921831815
8511,0.16478484011054084
3755,0.45195420450059215
1326,0.5245558626135017
1684,0.5403868930122384
5707,0.3626135017765495
4927,0.05538886695617845
4341,0.06648243189893406
9012,0.4382945124358468
1920,0.029016975917883932
3332,0.7490722463482037
8688,0.7540071061981839
7831,0.5990919857876036
5351,0.7861034346624556
857,0.15799447295696803
7638,0.7911172522700355
9812,0.5938807737860244
4573,0.04421634425582313
2081,0.8598894591393604
1251,0.5829451243584682
7604,0.9660086853533358
7161,0.3916699565732333
9091,0.7577181208053692
8780,0.771496249506514
3400,0.036320568495854716
7889,0.024595341492301616
5548,0.26292933280694825
8709,0.40793525463876823
9270,0.7544413738649822
870,0.776470588235294
5511,0.6910382945124358
943,0.2198973549151204
1294,0.0870509277536518
9006,0.4529411764705882
393,0.09147256217923411
7594,0.42246348203711015
822,0.3800236873272799
798,0.8991314646664034
3202,0.6519147256217923
1546,0.1740228977497039
2471,0.3703513620213186
5762,0.23766285037504936
5895,0.8985787603632057
3290,0.017015396762731935
2622,0.12933280694828267
6748,0.25408606395578365
574,0.6085274378207658
732,0.7270825108566916
5380,0.5519542045005922
6944,0.09936833793920252
2903,0.623489932885906
1596,0.27564153178049744
8462,0.8479273588630083
6389,0.9178049743387287
11,0.7343071456770628
9458,0.7235294117647058
6384,0.019226213975523095
2539,0.5208448480063166
2115,0.5255428345834978
2712,0.5188314251875247
9859,0.538255033557047
7088,0.6215554678247137
1567,0.9688116857481247
6238,0.010146071851559416
2367,0.27208843268851163
114,0.3742202921437031
6336,0.5521121200157915
269,0.7544018949861824
3899,0.4879194630872483
5774,0.5418870904066324
5181,0.5921437031188314
3620,0.7936833793920253
9388,0.8045005921831819
8550,0.5576391630477694
5357,0.6226213975523095
7377,0.7916304776944335
8097,0.5654165021713383
67,0.2201737070667193
1139,0.3597710225029609
3867,0.7380971180418476
5937,0.4395973154362416
6773,0.01290959336754836
5270,0.06494275562574023
3225,0.4733912356889064
5446,0.35736281089617056
3395,0.8037899723647849
4060,0.9242005527043031
3176,0.6589419660481642
8435,0.12716146861429134
7843,0.3400710619818397
8144,0.5841689696012633
1846,0.8916699565732333
1966,0.9570469798657717
7397,0.4444532175286222
8424,0.2739439399921042
1495,0.6876431109356493
4563,0.405487564153178
9902,0.044571654165021714
3948,0.5763126727200947
3304,0.304737465455981
6954,0.8212001579155151
8995,0.8695617844453216
4934,0.8400315831030398
245,0.523726806158705
518,0.698223450454007
3975,0.281997631267272
1977,0.37058823529411766
7260,0.8623371496249506
5523,0.36462692459534146
7722,0.12735886300829055
7765,0.7956968022108171
5252,0.3259771022502961
7682,0.4469009080142124
9785,0.9042242400315831
6194,0.2881563363600474
9261,0.7074615080931702
7656,0.9500197394393999
3071,0.6910777733912357
2852,0.07228582708251086
2148,0.8243189893407026
4653,0.6927753651796289
677,0.6347414133438609
2885,0.689498618239242
5823,0.1921831819976313
4591,0.34480852743782076
5302,0.36936439005132254
3697,0.7666798262929332
811,0.29826292933280696
8238,0.6828266877220686
6804,0.5159889459139361
3446,0.20698776154757204
9359,0.7299249901302802
703,0.9152783260955388
3862,0.07133833399131465
3752,0.10564547966837741
3958,0.5666798262929333
9274,0.8716146861429135
2102,0.05258586656138965
5874,0.4301223845242795
4277,0.47319384129490727
6145,0.8075404658507698
501,0.42388472167390445
9750,0.950493485984998
7960,0.5514015001973943
5409,0.5941176470588234
4162,0.3338728780102645
2129,0.25061192262139753
10052,0.5380576391630477
571,0.2282668772206869
8358,0.29443347808922227
3761,0.32060797473351754
885,0.46478484011054083
7034,0.539242005527043
9686,0.34283458349782864
8322,0.21563363600473745
7757,0.032096328464271615
8696,0.5142123963679431
1665,0.480734307145677
9992,0.8989340702724042
8843,0.5251480457954993
4071,0.936478484011054
6311,0.9313067508882749
9777,0.8481247532570074
5080,0.1658507698381366
6391,0.7572048953809711
7447,0.4384129490722463
5018,0.42779313067508884
8967,0.7103039873667587
7010,0.3500986971969996
8035,0.9051322542439795
3223,0.4945124358468219
4396,0.7915120410580339
9038,0.26446900908014215
4469,0.481247532570075
4261,0.42080536912751676
2876,0.659494670351362
6887,0.8330043426766679
4817,0.4298460323726806
9634,0.7574417686537702
6366,0.31626529806553494
4654,0.213501776549546
1172,0.048637978681405444
7600,0.4476115278326095
2631,0.6517962889853928
670,0.5095538886695617
446,0.7315436241610738
8187,0.31010659297275955
9696,0.6602052901697592
4855,0.47911567311488357
7732,0.34133438610343464
1839,0.039715752072641136
94,0.6174496644295302
4322,0.33955783655744176
483,0.2350572443742598
8074,0.7936439005132254
2478,0.9536123174101855
9644,0.07816818002368732
2276,0.6165811290959337
3630,0.6529411764705882
3169,0.3048953809711804
3224,0.28598499802605604
3813,0.671733122779313
5218,0.06727200947493091
8244,0.3744571654165021
9569,0.9300039478878799
4603,0.061981839715752066
5727,0.005053296486379786
6020,0.13035925779707855
1305,0.5861034346624555
5478,0.2844453217528622
7494,0.11283063560994869
5798,0.6241215949467035
9170,0.2833399131464666
5964,0.20363205684958546
5812,0.16506119226213972
9127,0.4923410975128306
10048,0.4341097512830635
8208,0.7200552704303197
5236,0.3975523095144098
8887,0.17260165811290956
7685,0.8966048164232135
1991,0.728227398341887
1479,0.8336360047374654
940,0.29001184366363997
2016,0.8659692064745361
9564,0.2651401500197394
9824,0.8300434267666799
445,0.46336360047374653
7485,0.5695617844453217
2303,0.8514015001973944
2604,0.36640347414133434
3625,0.32400315831030396
9434,0.9357678641926569
3914,0.606000789577576
9697,0.5446111330438215
6375,0.7123174101855507
4718,0.6812870114488748
3310,0.5408606395578366
1013,0.06521910777733912
4230,0.5557836557441768
3208,0.2646269245953415
6770,0.546229767074615
1806,0.8952230556652191
2166,0.7898934070272404
9746,0.42649032767469397
6801,0.5029609159099881
6132,0.21831819976312672
6345,0.9551914725621792
10073,0.7426766679826293
5274,0.2826687722068693
7878,0.8207658902487169
9236,0.8876825898144491
9246,0.49170943545203316
8340,0.9456375838926173
4943,0.8171338333991314
3943,0.1559020923805764
4688,0.0174496644295302
3325,0.7696012633241216
8405,0.6123963679431503
2458,0.8253849190682984
7636,0.7594946703513619
2170,0.8565337544413738
5541,0.03446506119226214
3253,0.7026845637583893
8819,0.07157520726411369
7553,0.6224634820371101
2179,0.2424003158310304
6307,0.2857876036320568
860,0.1738255033557047
7115,0.9962889853928147
5230,0.6183971575207263
5939,0.154243979470983
301,0.4709040663245164
3023,0.21014607185155942
4033,0.7652980655349388
4029,0.1928543229372286
2792,0.2709435452033162
4994,0.6889459139360442
4391,0.1088432688511646
9218,0.42854322937228584
146,0.4510067114093959
4392,0.6709435452033161
1023,0.6050138176075799
3069,0.7949072246348203
9303,0.41433083300434265
2479,0.7092775365179629
342,0.20994867745756018
7117,0.10457954994078167
8525,0.7909988156336358
3233,0.02913541255428346
8135,0.3534149230161863
6077,0.6896960126332411
1539,0.8761547572048953
4336,0.01910777733912357
3927,0.030833004342676662
4970,0.9048559020923805
375,0.49249901302802995
3186,0.7395973154362415
5194,0.9442163442558231
4776,0.03730754046585077
7409,0.8611133043821555
4290,0.14003158310303987
7076,0.2450454007106198
3540,0.47350967232530594
7276,0.97749703908409
6768,0.2688511646269246
7070,0.7069482826687722
7619,0.5041058033951835
757,0.7591393604421633
854,0.9675878405053296
7516,0.5983813659692064
8656,0.2809317015396763
8691,0.6250296091590999
3730,0.5103434662455586
4998,0.17303592577970786
8694,0.16486379786814054
4544,0.2767864192656928
5751,0.04011054086063956
6162,0.7064350572443742
5195,0.39767074615080933
5337,0.3703118831425187
4662,0.5892617449664429
9969,0.918239242005527
2168,0.4346229767074615
7139,0.6686537702329254
6314,0.3616265298065534
963,0.9464666403474141
129,0.4644690090801421
468,0.9196604816423214
8231,0.20927753651796288
8908,0.535491512041058
4025,0.9618634030793525
7026,0.6524279510461903
2366,0.15005921831819974
1777,0.3497039084090012
9149,0.7849980260560601
6168,0.7911172522700355
9221,0.28590604026845634
6392,0.4487169364390051
8697,0.7541255428345834
6378,0.2310698776154757
7172,0.35499407816817996
3045,0.3303197789182787
7134,0.8975523095144098
5048,0.9009474930911963
8118,0.05400710619818397
6828,0.7981050138176076
7498,0.3228187919463087
7491,0.3010659297275957
8878,0.5783260955388867
6974,0.7588235294117647
4986,0.8898934070272404
6763,0.05155941571259376
2144,0.49206474536123174
3917,0.8447295696802211
7136,0.9583103039873667
840,0.6190288195815239
7761,0.6986577181208052
6113,0.7202131859455191
9300,0.8203711014607185
8710,0.5855902092380576
3349,0.5248716936439004
6865,0.21642321358073427
7268,0.778247137781287
6893,0.2966442953020134
5060,0.8151598894591393
4932,0.15084879589419659
7603,0.12530596131069877
9009,0.7893407027240427
8502,0.742992499013028
8886,0.7224634820371101
9918,0.30576391630477695
9618,0.28381365969206473
5335,0.2602052901697592
8377,0.66999605211212
8797,0.3112120015791552
6751,0.5560600078957758
4450,0.7299644690090801
1085,0.8341887090406632
2457,0.8921437031188313
9027,0.1618239242005527
3192,0.5067903671535727
4858,0.347256217923411
55,0.8686932491117252
5379,0.08294512435846821
3450,0.30718515594157125
2220,0.8193841294907224
6668,0.31085669166995655
9186,0.39005132254243974
3515,0.87248322147651
6692,0.4704697986577181
5607,0.6146466640347414
5331,0.23138570864587443
8618,0.13071456770627715
1537,0.6736281089617056
5984,0.8664034741413343
4611,0.18318199763126725
4249,0.48531385708645874
6740,0.8439399921042242
3309,0.8207658902487169
3065,0.5180813264903277
1550,0.906237662850375
262,0.8513225424397947
7515,0.2935254638768259
2071,0.07726016581129096
8092,0.7883142518752466
5877,0.27295696802210817
6627,0.320252664824319
8286,0.16004737465455982
9972,0.8010659297275957
8486,0.4674694038689301
2736,0.6597315436241611
3264,0.2654559810501382
7695,0.5921437031188314
8935,0.6161863403079352
511,0.9804184761152783
7539,0.4473746545598104
3638,0.10331622581918673
8987,0.23580734307145676
9016,0.04599289380181602
7537,0.44374259771022506
4458,0.8840110540860638
5467,0.03849190682984603
7042,0.7412159494670351
4020,0.4161863403079352
8852,0.7959336754836163
8122,0.4595341492301619
9039,0.35996841689696013
2434,0.8951835767864192
2519,0.13853138570864587
1930,0.06936439005132254
9606,0.29676273193841296
2649,0.8574022897749702
4649,0.08495854717726015
8205,0.15775759968416897
2273,0.24725621792341096
310,0.1359257797078563
7776,0.3739834188709041
2464,0.42996446900908014
1317,0.8509277536517963
1620,0.4122779313067509
46,0.6295696802210816
6259,0.9849190682984603
7242,0.7974733517568101
3771,0.47686537702329257
6266,0.9131859455191471
3463,0.2830240821160679
4950,0.27974733517568096
5196,0.10185550730359257
10066,0.5512830635609949
6648,0.4187919463087248
1019,0.6352546387682589
4864,0.20078957757599683
7507,0.7362810896170549
6786,0.4682195025661271
2579,0.7386103434662455
6493,0.40761942360836945
5053,0.11804184761152783
4206,0.17366758784050534
5514,0.3807737860244769
9172,0.9767074615080932
5957,0.5600473746545598
3829,0.9690880378997235
221,0.2643505724437426
2314,0.9363995262534544
1758,0.10205290169759179
5766,0.16387682589814448
5980,0.43181997631267277
7609,0.40765890248716935
728,0.7091196210027635
7774,0.5423608369522305
5909,0.49455191472562177
5490,0.9166206079747334
8724,0.991709435452033
198,0.8606790367153572
7858,0.12258191867350966
1348,0.9343861034346623
5088,0.4496644295302013
2510,0.0845242795104619
6564,0.019226213975523095
5014,0.8444532175286221
7048,0.36545598105013816
2957,0.6344650611922621
3029,0.8006711409395972
2065,0.021081721279115673
2974,0.3769048559020924
1871,0.04180813264903276
3190,0.7442558231346229
9882,0.18310303987366758
4954,0.5170943545203317
318,0.5281484405842873
3364,0.1517962889853928
6546,0.16707461508093172
7801,0.5851954204500591
4481,0.2357283853138571
1178,0.14220292143703117
6200,0.015120410580339517
6752,0.0867745756020529
2961,0.21741018555073033
7804,0.31290959336754837
9827,0.42625345440189494
3163,0.27264113699170944
4996,0.4302013422818792
2735,0.38811685748124747
86,0.7659297275957362
3136,0.7540071061981839
8223,0.8026056060007896
2329,0.7409790761942361
5072,0.9119226213975522
3480,0.01705487564153178
9247,0.3298855112514804
4713,0.7646664034741413
5232,0.9055270430319778
2814,0.2324121594946703
6841,0.40904066324516386
673,0.21365969206474536
3601,0.778010264508488
5619,0.703987366758784
2695,0.8879984208448479
1763,0.4141334386103434
3366,0.8129490722463482
2549,0.9209238057639162
596,0.27465455981050135
7729,0.11484405842874063
3520,0.9645479668377417
1472,0.8053691275167785
1370,0.8548756415317804
9069,0.4018160284247927
5355,0.866008685353336
8675,0.308251085669167
9943,0.4494670351362021
200,0.352743782076589
6624,0.9788787998420845
1644,0.16636399526253454
1098,0.23513620213185943
4844,0.38318199763126726
8091,0.1268456375838926
8103,0.4318594551914725
10102,0.6602052901697592
808,0.9847611527832609
2955,0.2688511646269246
9875,0.12554283458349783
5686,0.5530596131069878
4979,0.3470193446506119
10041,0.8282668772206869
8401,0.04903276746940387
4680,0.8455191472562178
3080,0.8320173707066718
8247,0.22048953809711802
4843,0.5497828661666009
216,0.23225424397947098
6334,0.8661271219897354
3871,0.46383734701934465
615,0.33150414528227395
5136,0.9521910777733912
2447,0.10051322542439795
9704,0.36407422029214365
4972,0.9984603237268062
5764,0.33478089222266083
3799,0.2889459139360442
8337,0.47757599684168967
9234,0.8665613896565337
7799,0.16715357283853138
5224,0.1588235294117647
3582,0.4069088037899723
2705,0.4988945913936044
9989,0.3327674694038689
9735,0.24413738649822342
9574,0.5947098302408211
9749,0.8656533754441373
9289,0.5933280694828267
9930,0.5420450059218318
163,0.3361231741018555
7737,0.7519147256217923
5374,0.22222660876431108
3156,0.9730754046585076
2634,0.7945124358468219
8237,0.5376233714962495
8271,0.3140150019739439
3702,0.23616265298065534
4424,0.2624161073825503
5431,0.27595736281089617
550,0.9960126332412159
965,0.5979470983024082
2809,0.616265298065535
6530,0.5020923805763916
5283,0.26225819186735094
6381,0.9270430319778918
443,0.8570864587445717
4720,0.3277931306750888
10115,0.20378997236478483
8687,0.5728385313857086
5177,0.6428345834978286
2337,0.45700750098697196
164,0.6436636399526253
7653,0.1268456375838926
5850,0.8606000789577575
9491,0.8885906040268456
2925,0.45775759968416896
3988,0.3247927358863008
7718,0.10809317015396762
332,0.2623371496249506
2078,0.9340307935254637
7654,0.3695617844453218
7868,0.3133043821555468
880,0.49794709830240813
8553,0.5238452427951046
759,0.46667982629293325
9030,0.39060402684563755
3895,0.48519542045005914
9433,0.4350177654954599
1491,0.5857876036320568
5338,0.6214370311883142
3008,0.5221081721279115
7331,0.2608764311093565
4059,0.6331622581918673
3352,0.03312277931306751
7593,0.2170943545203316
6246,0.2774180813264903
8109,0.7343861034346625
3667,0.4953414923016186
1702,0.15917883932096327
6832,0.9050532964863798
10107,0.856494275562574
3693,0.44330833004342673
627,0.4293328069482827
513,0.2915909988156336
8619,0.6276352151598894
7764,0.2869719699960521
9192,0.051006711409395965
812,0.3149624950651402
2727,0.5323332017370707
6079,0.8246742992499012
7202,0.3775759968416897
8391,0.25657323332017373
4580,0.17287801026450847
9921,0.9331227793130674
1074,0.33920252664824313
971,0.1518752467429925
557,0.5627714172917488
5673,0.9478878799842085
9160,0.02368732727990525
8746,0.6574812475325701
5110,0.9264903276746939
9191,0.3797078562968812
834,0.4806158705092775
4786,0.750967232530596
298,0.3811290959336755
7566,0.08065534938807738
2285,0.7048559020923806
9071,0.10844848006316621
1604,0.3996446900908014
8190,0.06928543229372286
8883,0.3172127911567311
7911,0.2520726411369917
7876,0.6009080142123964
9953,0.9747335175681011
2917,0.08578760363205686
5291,0.9374259771022502
5109,0.4719699960521121
3769,0.20994867745756018
8211,0.16900908014212396
4770,0.9793525463876825
3207,0.13016186340307934
2637,0.9104224240031583
1262,0.7922621397552309
1258,0.14330833004342677
4819,0.5484800631662061
8256,0.8104619028819581
5326,0.7513225424397947
6064,0.2697986577181208
4262,0.5215159889459139
5203,0.5301618634030792
7182,0.340505329648638
5581,0.38428740623766283
6476,0.4456770627714173
2594,0.5067903671535728
9226,0.01918673509672325
824,0.9533359652585867
7201,0.12668772206869322
776,0.8183971575207265
2600,0.6739439399921041
978,0.02502960915909988
2121,0.037702329253849184
238,0.34516383734701933
4899,0.8804579549940781
2881,0.6311488353730754
465,0.40963284642716147
6084,0.9144887485195419
9324,0.1529016975917884
9646,0.5548361626529806
2543,0.06893012238452427
178,0.6651401500197394
9173,0.6622581918673509
4365,0.6780497433872877
8367,0.9704303197789181
3114,0.37402289774970393
8535,0.1949467035136202
1490,0.505250690880379
4431,0.3553493880773786
5755,0.3239636794315041
9959,0.39494670351362016
7415,0.23371496249506513
1255,0.5181602842479274
734,0.10465850769838135
5997,0.8994078168180024
9168,0.21054086063955785
7748,0.7483221476510067
9386,0.9477299644690089
1148,0.5178444532175286
769,0.24311093564942754
2718,0.7999605211212001
2301,0.26790367153572836
6172,0.13541255428345833
1476,0.2713778128701145
1929,0.6638768258981445
1884,0.8476115278326095
859,0.6083695223055665
779,0.2784445321752862
936,0.3236478484011054
3436,0.1815238847216739
5880,0.18045795499407816
8748,0.11101460718515593
9510,0.388235294117647
3095,0.20315831030398734
8626,0.0246742992499013
4531,0.6371101460718516
7424,0.9601263324121594
3447,0.8626529806553493
10009,0.9605606000789577
6224,0.1440189498618239
2664,0.690722463482037
8915,0.7977891827872088
6885,0.5337939202526648
5747,0.7332017370706672
3411,0.5850375049348598
379,0.07765495459928938
2437,0.3722858270825109
9947,0.5716541650217134
6124,0.7166995657323332
6875,0.44382155546782476
2570,0.7908014212396368
5069,0.4477694433478089
4522,0.1956178444532175
5027,0.5558626135017766
8628,0.7465061192262139
360,0.17548361626529807
25,0.8420450059218318
4073,0.8329253849190683
6163,0.5648637978681406
3348,0.9583103039873667
3885,0.2192656928543229
8478,0.14157125937623372
8533,0.9730754046585075
6033,0.7960915909988155
8939,0.8592972759573627
9209,0.4109751283063561
2714,0.5239242005527043
2632,0.08677457560205289
6781,0.8664429530201342
8507,0.6191867350967233
7392,0.26640347414133436
2673,0.33541255428345834
4692,0.06024476904855902
6579,0.5680221081721278
391,0.8371496249506513
6031,0.6555073035925779
7150,0.15692854322937227
2841,0.6286616660086853
5040,0.45795499407816814
2926,0.6554283458349783
9116,0.671969996052112
3879,0.3850769838136597
7358,0.8866956178444532
1882,0.22921437031188313
8006,0.8127911567311488
5173,0.21231741018555073
3795,0.5672720094749308
2939,0.577733912356889
4627,0.3855902092380576
5118,0.08764311093564943
9710,0.4130675088827477
2728,0.053730754046585075
3347,0.9170153967627319
6702,0.8056060007895776
3886,0.5078562968811685
2334,0.05771812080536912
3524,0.45834978286616657
9531,0.33592577970785625
8195,0.9641926569285433
1676,0.8658507698381366
3675,0.9403868930122383
5403,0.4008685353335965
6328,0.27722068693249113
6977,0.44113699170943543
2987,0.09656533754441372
6774,0.583734701934465
5025,0.8333596525858665
2639,0.22810896170548756
4906,0.8420844848006317
177,0.7467035136202131
8934,0.9281089617054875
1306,0.4420450059218318
3235,0.8964863797868141
5151,0.5495459928938018
6467,0.5765100671140939
6313,0.6299644690090802
6418,0.36363995262534543
189,0.9244769048559021
8816,0.44832214765100675
9110,0.17639163047769446
6258,0.23438610343466243
1603,0.6458349782866166
7510,0.706514015001974
5780,0.8888669561784444
4483,0.636991709435452
8664,0.5824318989340702
4804,0.8272009474930911
1677,0.7091985787603632
5495,0.8948282668772207
1819,0.5445716541650216
9147,0.013896565337544412
5694,0.13616265298065536
2900,0.26731148835373075
9150,0.1147256217923411
8440,0.5156336360047374
77,0.4259376233714962
1448,0.005369127516778523
2893,0.314251875246743
8297,0.42289774970390837
7924,0.6133043821555468
6834,0.15286221871298852
9781,0.21255428345834976
2652,0.3447690485590209
9418,0.3380181602842479
3154,0.1101460718515594
580,0.09609159099881563
6909,0.90746150809317
8039,0.9838531385708645
6131,0.007658902487169364
8159,0.4532964863797868
6525,0.5941176470588235
911,0.4864982234504539
7174,0.6947098302408211
3834,0.1254243979470983
5096,0.8472562179234109
3614,0.8533754441373864
9094,0.09249901302802999
3291,0.715515199368338
7667,0.9066719305171732
5473,0.5845242795104619
4083,0.2707066719305172
7045,0.35748124753257005
5644,0.7611133043821555
3089,0.015396762731938412
4297,0.06048164232135807
886,0.6157915515199368
4012,0.9452033162258191
9865,0.33091196210027635
8193,0.09178839320963283
4961,0.233241215949467
604,0.1607185155941571
5408,0.14978286616660086
4517,0.10876431109356494
158,0.5800236873272798
8961,0.8743782076589024
4687,0.3280694828266877
1549,0.5729964469009079
8609,0.5350177654954599
6123,0.391985787603632
1733,0.34954599289380184
6360,0.846466640347414
3528,0.09952625345440189
895,0.12033162258191865
8822,0.7226213975523095
2988,0.9182392420055271
7848,0.4003947887879984
227,0.13055665219107776
7642,0.5981050138176076
2356,0.49628898539281485
3993,0.9205684958547177
1988,0.7455981050138175
2392,0.8313857086458745
6978,0.64500592183182
1544,0.3267666798262929
7430,0.7530990919857876
8695,0.2543624161073825
3433,0.40043426766679824
9002,0.13106987761547573
7754,0.3238847216739044
3128,0.6560600078957757
6465,0.4408606395578365
3284,0.9345045400710619
2333,0.9178839320963285
7826,0.49988156336360046
5705,0.020213185945519144
4811,0.09115673114883538
3502,0.33517568101065925
4880,0.2237662850375049
6601,0.8211606790367153
7544,0.1541255428345835
4628,0.04113699170943545
4989,0.2791946308724832
2730,0.19482826687722068
8048,0.2765495459928938
1660,0.8089222266087643
698,0.01590998815633636
2066,0.6140939597315436
251,0.53750493485985
3827,0.16881168574812472
8425,0.8999605211212001
9595,0.19214370311883142
2173,0.4099091985787603
3611,0.6837347019344651
9712,0.8494670351362021
6078,0.4755625740228977
2734,0.8990130280300039
9571,0.14022897749703908
4412,0.11902881958152388
6726,0.051322542439794706
2741,0.48318199763126723
57,0.5411369917094354
2531,0.3696802210817212
9346,0.4254243979470983
10047,0.558231346229767
8355,0.28851164626924597
1349,0.7357678641926568
9339,0.7351362021318594
3907,0.34500592183182
10006,0.7180813264903276
4256,0.7431898934070271
10117,0.2511251480457955
2454,0.1253454401894986
1754,0.6723253059613107
3042,0.20098697196999604
6709,0.9408606395578365
5200,0.2530990919857876
3260,0.13446506119226212
4465,0.9294512435846821
2703,0.9545992893801816
464,0.6915120410580339
750,0.7944334780892222
672,0.8620213185945519
9671,0.42846427161468614
2004,0.44322937228582704
8720,0.34165021713383337
6442,0.6741808132649032
6904,0.34713778128701145
6739,0.1652191077773391
3632,0.8753651796288984
6385,0.05463876825898144
3213,0.8676667982629293
3004,0.34180813264903276
1743,0.9192656928543228
9141,0.40501381760757993
1994,0.021752862218712987
290,0.4358468219502566
3152,0.3093170153967627
8662,0.11879194630872483
2326,0.6731148835373075
4670,0.9794709830240821
5086,0.27039084090011845
2729,0.9627714172917488
3823,0.4138965653375444
5843,0.9508093170153967
5020,0.2627714172917489
5093,0.7022502960915911
1963,0.35653375444137386
4647,0.0878010264508488
5924,0.5659692064745361
5683,0.7258981444926963
3385,0.2733517568101066
3660,0.8195420450059218
1724,0.5818791946308725
7917,0.8160284247927359
3570,0.271259376233715
7879,0.6332017370706672
1192,0.07189103829451243
8008,0.42546387682589815
3399,0.5323726806158704
3628,0.6191472562179234
782,0.28180023687327277
8944,0.5033951835767865
1049,0.06138965653375444
8088,0.775720489538097
5682,0.0518752467429925
4113,0.19542045005921832
6725,0.5134228187919463
4586,0.6543229372285827
4414,0.9952625345440189
4546,0.4711409395973154
6721,0.1420450059218318
493,0.3434267666798263
7470,0.6512830635609947
8881,0.5535728385313857
2496,0.8978286616660085
8860,0.5464666403474141
3987,0.6461508093170154
2953,0.390485590209238
432,0.44662455586261346
1952,0.6797868140544808
8670,0.8532570075009869
7195,0.7822739834188708
5835,0.8026056060007896
9639,0.8951046190288194
6590,0.032846427161468614
4869,0.9645874457165415
7621,0.47690485590209236
10036,0.46135017765495456
5358,0.38677457560205286
5383,0.7577970785629689
6778,0.6780102645084879
1332,0.5536123174101856
9076,0.9427161468614291
9739,0.5566521910777733
5126,0.12467429924990131
7529,0.8813264903276747
5589,0.045282273983418865
3546,0.4848795894196604
8719,0.4877615475720489
1373,0.6453612317410186
6047,0.7350177654954598
3270,0.947256217923411
3822,0.05598105013817607
9310,0.7825503355704697
4861,0.7656928543229372
903,0.7762731938412948
3135,0.4891433083300434
6677,0.1269245953414923
9666,0.9459139360442164
5689,0.019384129490722463
1938,0.4440584287406237
4886,0.8855902092380576
6882,0.7442163442558231
9529,0.02676667982629293
3806,0.09964469009080142
2470,0.25759968416896956
5425,0.3561784445321753
945,0.3998815633636004
2576,0.6831425187524673
9685,0.011646269245953415
1800,0.054007106198183975
8016,0.11081721279115672
9263,0.6421634425582313
2086,0.5908014212396367
2696,0.5361231741018555
1927,0.7455191472562178
6746,0.497236478484011
6294,0.6081721279115673
1375,0.5061192262139755
8992,0.6546387682589814
1897,0.5832609553888669
9949,0.5556652191077773
4377,0.6291748914330832
7085,0.0780497433872878
3056,0.8028424792735886
6347,0.03407027240426372
1244,0.37883932096328465
7159,0.17718120805369128
5946,0.7286616660086853
8302,0.9139360442163442
5956,0.16742992499013026
3796,0.7865377023292539
4949,0.07872088432688511
404,0.5570469798657718
9265,0.3791551519936834
6652,0.21922621397552308
4963,0.7555467824713777
4097,0.15771812080536912
3259,0.0687722068693249
1411,0.16758784050532963
7329,0.6455191472562178
5012,0.7120015791551519
8453,0.46462692459534144
8536,0.12597710225029607
8398,0.8645479668377418
2408,0.12348993288590604
10067,0.9844453217528621
3358,0.41997631267272006
7214,0.1757204895380971
9620,0.5853138570864588
8,0.05874457165416502
5249,0.96498223450454
7792,0.5565337544413738
4435,0.6919068298460324
4291,0.44816423213580736
7898,0.768495854717726
4981,0.4651401500197394
3861,0.01843663639952625
3133,0.9412949072246348
329,0.8393604421634425
3340,0.6858270825108567
1785,0.05969206474536123
7290,0.7211212001579155
260,0.8999210422424003
1403,0.5474536123174102
5146,0.8726411369917093
1889,0.8228977497039084
2455,0.42147651006711406
9352,0.5842874062376628
4259,0.5844453217528621
6353,0.36604816423213576
5222,0.7375838926174496
3226,0.8642716146861429
6232,0.16853533359652587
4209,0.5863403079352547
8291,0.29147256217923406
7104,0.8787998420844848
5528,0.7018160284247926
1664,0.005645479668377418
3811,0.8688906435057243
3848,0.7911962100276353
4694,0.2840900118436636
2163,0.7946308724832214
3866,0.46399526253454393
872,0.7151993683379392
4451,0.5305566521910777
8661,0.7390446111330438
8600,0.6767074615080931
5322,0.383497828661666
1534,0.0733517568101066
8412,0.6328859060402685
2709,0.709001184366364
9442,0.42716146861429133
9136,0.6565732333201736
7525,0.938728780102645
3398,0.08649822345045399
10037,0.9143703118831424
7420,0.11571259376233714
7536,0.7116857481247532
5115,0.9676273193841295
788,0.7680221081721278
8646,0.12250296091590998
5067,0.509711804184761
7436,0.0967232530596131
5002,0.9059218318199762
2391,0.621989735491512
529,0.6337544413738649
6130,0.037189103829451245
1183,0.6770627714172917
2116,0.12084484800631662
6586,0.23328069482826688
9629,0.4734701934465061
4808,0.34480852743782076
5137,0.7665219107777338
7970,0.2714567706277141
3113,0.3903671535728385
6351,0.8068693249111725
3001,0.45542834583497827
4027,0.18361626529806555
9087,0.5996841689696012
5063,0.03529411764705882
5402,0.749467035136202
9019,0.2883537307540466
9678,0.8500592183181997
367,0.16360047374654557
4107,0.6380576391630478
4967,0.6243189893407026
1336,0.5853138570864587
1513,0.4526253454401895
1482,0.7491906829846032
10002,0.524240031583103
2074,0.23975523095144097
9122,0.6370311883142519
1787,0.8928938018160284
4681,0.20438215554678246
6985,0.059336754836162645
4399,0.8617844453217528
9353,0.42988551125148045
3635,0.1203711014607185
2423,0.4523489932885906
7341,0.15633636004737464
7627,0.17978681405448085
10087,0.4157915515199368
3518,0.056296881168574814
8556,0.07248322147651007
7832,0.16620607974733514
7916,0.2094749309119621
1535,0.30402684563758386
3406,0.2716936439005132
297,0.5386893012238452
2860,0.6057639163047769
8107,0.30110540860639556
6864,0.11089617054875642
9241,0.4916699565732333
1507,0.3856691669956573
5272,0.0889459139360442
9452,0.008211606790367153
3244,0.5489143308330043
7937,0.34097907619423606
4078,0.008803789972364784
3018,0.12179234109751283
208,0.33395183576786414
2039,0.15795499407816815
6647,0.7694038689301224
5185,0.7744176865377024
2739,0.8846032372680616
5701,0.6628503750493486
3021,0.9746940386893013
6936,0.7145282273983418
3082,0.5335175681010659
5024,0.26466640347414133
4846,0.3675483616265298
6955,0.9232135807343071
1894,0.14413738649822344
7665,0.3515988945913936
4566,0.7829056454796683
4480,0.5784840110540861
9608,0.8425977102250296
6341,0.47418081326490324
3182,0.22743782076589025
3684,0.13604421634425581
1587,0.6802605606000789
4632,0.21168574812475324
4452,0.549743387287801
9347,0.581997631267272
6984,0.3564153178049743
8059,0.45420450059218315
6965,0.9048164232135807
6006,0.454243979470983
1075,0.757718120805369
7294,0.32850375049348596
182,0.5316620607974734
9450,0.4907619423608369
6243,0.9618634030793525
786,0.46810106592972756
6260,0.837228582708251
4379,0.44480852743782073
9626,0.4304382155546782
9604,0.8508093170153967
8493,0.5563758389261745
9476,0.9745756020529017
5702,0.8822739834188709
2055,0.930477694433478
7160,0.745242795104619
3162,0.7185550730359257
3471,0.37011448874851954
6819,0.151243584682195
2272,0.572956968022108
1423,0.8788787998420844
1498,0.20588235294117646
267,0.6795499407816817
9543,0.598262929332807
7579,0.24840110540860638
9314,0.29395973154362415
6183,0.6545203316225818
8066,0.13245163837347018
9479,0.3742202921437031
37,0.7215554678247137
10060,0.5231346229767075
2585,0.6986971969996051
7589,0.5275562574022898
5037,0.32593762337149623
7004,0.35546782471377814
9097,0.8128306356099486
8654,0.003000394788787998
4037,0.8197789182787208
1450,0.8757204895380971
9237,0.7619423608369522
8718,0.024595341492301616
2812,0.020607974733517567
7474,0.5632451638373469
8779,0.21468614291354124
8265,0.3976312672720095
1269,0.21196210027635215
6933,0.7210817212791156
8344,0.9153572838531385
3872,0.38610343466245556
5359,0.7077773391235689
7783,0.633478089222266
8096,0.622226608764311
364,0.35771812080536913
8236,0.7530201342281879
9582,0.5615080931701539
3254,0.8893801816028424
1443,0.33312277931306755
4319,0.8962100276352151
8783,0.2681010659297276
1725,0.44401894986182394
4401,0.911725227003553
7822,0.4928938018160284
7074,0.6956573233320174
1314,0.6521121200157916
9195,0.3546387682589814
10070,0.15886300829056454
4976,0.7249901302802999
149,0.43328069482826687
7407,0.22917489143308328
2318,0.44461113304382155
643,0.17710225029609158
5660,0.1681010659297276
3845,0.5346624555862614
5264,0.3086458744571654
8825,0.672009474930912
2412,0.13647848401105409
3266,0.5908803789972364
6833,0.6669561784445321
9718,0.6104224240031583
6309,0.28120805369127516
3012,0.37745756020529014
2704,0.2674299249901303
9050,0.7928938018160283
3350,0.818239242005527
2640,0.7031583103039875
6244,0.18531385708645876
1499,0.22818791946308725
4358,0.34307145677062767
2064,0.3136596920647453
9,0.6138965653375444
6641,0.5793130675088827
5119,0.3515199368337939
4672,0.9277141729174891
7798,0.7551519936833793
4089,0.5798657718120805
1454,0.11365969206474535
7825,0.4079747335175681
1948,0.20848795894196606
3647,0.8699960521121199
5104,0.13470193446506118
3669,0.07185155941571258
2833,0.9687722068693247
5629,0.4906829846032372
1236,0.711488353730754
2838,0.042202921437031186
551,0.1689301223845243
9702,0.6316225819186735
8940,0.670469798657718
5064,0.6250690880378997
8431,0.5408211606790367
6414,0.22179234109751284
7330,0.24958547177260165
165,0.47236478484011046
6205,0.8028030003947888
64,0.50248716936439
6749,0.633517568101066
1564,0.5480457954994078
4711,0.5711804184761152
4676,0.7916699565732332
6492,0.9715752072641136
2936,0.5855112514804579
5661,0.9114488748519542
8415,0.7901302803000394
7347,0.5667982629293328
5648,0.004500592183181998
586,0.711488353730754
5229,0.21271219897354915
8981,0.7817607579944729
8977,0.1357678641926569
3091,0.645992893801816
7941,0.9204895380971179
4977,0.740781681800237
1808,0.9803000394788788
10042,0.3400315831030399
1042,0.900750098697197
9931,0.38468219502566126
90,0.42562179234109754
5460,0.9750098697196999
1752,0.027793130675088824
4345,0.3583497828661666
9193,0.9397947098302408
4429,0.41804184761152785
3101,0.21294907224634818
8984,0.25045400710619814
1195,0.9436636399526253
9706,0.6229372285827083
7543,0.9218318199763127
2591,0.02676667982629293
1807,0.5578760363205685
7894,0.09111725227003553
9196,0.14599289380181601
3479,0.25258586656138965
2215,0.6533359652585866
2973,0.5715357283853137
8022,0.7938412949072245
9719,0.06968022108172128
7576,0.3271219897354915
6235,0.8742597710225029
3968,0.9919463087248321
4859,0.8095538886695618
3396,0.538018160284248
6924,0.3583892617449664
4338,0.3491906829846032
5962,0.24678247137781284
865,0.022226608764311095
572,0.6046585076983813
2529,0.20971180418476115
5893,0.49849980260560595
6908,0.9092775365179628
3404,0.33841294907224634
7422,0.3297670746150809
3554,0.0181997631267272
4594,0.6252270035530991
8228,0.6859060402684564
5756,0.3501776549545993
8591,0.029767074615080928
3055,0.4096723253059613
634,0.45712593762337145
1493,0.42605606000789575
1576,0.12727990525069088
9833,0.12870114488748519
5878,0.09182787208843268
7639,0.4800236873272799
2971,0.7203711014607185
497,0.005921831819976312
8111,0.8893407027240425
9549,0.9876431109356493
7027,0.14844058428740625
9360,0.30738255033557044
7699,0.09403868930122383
2858,0.39593367548361624
7967,0.13651796288985393
2517,0.526490327674694
9982,0.44547966837741804
6267,0.024911172522700354
7108,0.06067903671535728
1953,0.296249506514015
640,0.602250296091591
4257,0.12262139755230951
2386,0.5349388077378602
3787,0.5206869324911172
5231,0.8970785629688116
1770,0.3025661271219897
6628,0.2174496644295302
4031,0.5290959336754836
3239,0.6106987761547571
9649,0.06498223450454006
9818,0.14697986577181207
2676,0.1370706671930517
8781,0.06024476904855902
8982,0.8733912356889064
907,0.7548361626529806
4459,0.19135412554283457
4958,0.3800631662060797
3041,0.40588235294117647
444,0.2855112514804579
8545,0.13075404658507697
680,0.23233320173707064
3329,0.3779707856296881
6014,0.2726806158705093
7211,0.7158310303987366
1595,0.2682984603237268
1912,0.5825503355704698
6189,0.1228977497039084
5273,0.8364390051322541
7049,0.34824318989340697
6401,0.4511646269245953
5052,0.6401894986182393
4537,0.9401105408606394
6337,0.07220686932491116
1776,0.613738649822345
9795,0.14461113304382156
869,0.9891433083300434
1217,0.4658112909593367
4612,0.2216739044611133
9757,0.9071851559415711
6501,0.40232925384919066
9298,0.6412554283458349
207,0.7051322542439795
6543,0.798973549151204
2771,0.6758784050532964
753,0.8618239242005526
1730,0.04224240031583103
7053,0.4435452033162258
5127,0.4964863797868141
3212,0.9961310698776153
421,0.20536912751677852
8772,0.33217528622187126
4005,0.6829056454796684
7381,0.5637189103829451
4179,0.4711014607185155
4528,0.7022108172127911
8025,0.5845637583892618
1842,0.6703513620213186
6808,0.6914725621792341
4779,0.46604816423213574
3505,0.32502960915909984
3468,0.3880773786024476
3726,0.9536912751677852
110,0.8224240031583103
8031,0.6897749703908409
